repeat,n_states,t_process_data_from_config,t_set_species_vector,t_set_reaction_matrix,t_set_rates,t_set_initial_states,t_set_constitutive_states,t_set_generator_matrix,t_G_times_dt,t_matrix_exponential,t_run,t_calculate_mutual_information
0,122,1.4543533325195312e-05,5.9604644775390625e-06,3.0517578125e-05,7.152557373046875e-06,4.363059997558594e-05,0.012632608413696289,0.28972601890563965,3.647804260253906e-05,0.001878976821899414,0.012816190719604492,3.0349435806274414
0,442,1.5020370483398438e-05,8.821487426757812e-06,2.5272369384765625e-05,6.4373016357421875e-06,3.8623809814453125e-05,0.05890822410583496,3.9614460468292236,0.0003254413604736328,0.018328189849853516,0.012976884841918945,11.195462703704834
0,962,1.52587890625e-05,8.821487426757812e-06,2.5510787963867188e-05,6.67572021484375e-06,3.933906555175781e-05,0.18857240676879883,19.093796968460083,0.0010864734649658203,0.13705015182495117,0.03717184066772461,24.592982053756714
0,1682,1.430511474609375e-05,8.58306884765625e-06,2.574920654296875e-05,7.867813110351562e-06,3.8623809814453125e-05,0.3890256881713867,58.364394426345825,0.0021212100982666016,0.18752145767211914,0.05513763427734375,42.49760413169861
0,2602,1.621246337890625e-05,7.867813110351562e-06,2.5033950805664062e-05,7.152557373046875e-06,3.886222839355469e-05,0.8076760768890381,139.37112832069397,0.005071163177490234,0.5502364635467529,0.11918497085571289,66.07370710372925
